{
  "w0.0": {
    "mse_true": 0.38735514879226685,
    "mse_shuffle": 0.42300617694854736,
    "sharp": 0.07315222173929214,
    "cell_specific": true
  },
  "w1.0": {
    "mse_true": 0.36759093403816223,
    "mse_shuffle": 0.5147468447685242,
    "sharp": 0.07422303035855293,
    "cell_specific": true
  },
  "w2.0": {
    "mse_true": 0.3506149649620056,
    "mse_shuffle": 0.5141010284423828,
    "sharp": 0.07011197507381439,
    "cell_specific": true
  },
  "w3.0": {
    "mse_true": 0.334400475025177,
    "mse_shuffle": 0.5073087215423584,
    "sharp": 0.07364916056394577,
    "cell_specific": true
  },
  "w5.0": {
    "mse_true": 0.40148115158081055,
    "mse_shuffle": 0.5224206447601318,
    "sharp": 0.0854133777320385,
    "cell_specific": true
  }
}