{
  "morph_r2": 0.016256093978881836,
  "morph_r2_shuffle": -0.2800023555755615,
  "recon_r2": 0.5743092894554138,
  "recon_r2_shuffle": -0.5738377571105957,
  "spatial_r2": 0.33102405071258545,
  "spatial_r2_shuffle": -0.343197226524353,
  "nparam": 721446
}